{"cameraMode":{"drawMode":0,"name":"Shaded","section":"Shading Mode"},"sceneLighting":true,"audioPlay":false,"sceneViewState":{"m_AlwaysRefresh":false,"showFog":true,"showSkybox":true,"showFlares":true,"showImageEffects":true,"showParticleSystems":true,"showVisualEffectGraphs":true,"m_FxEnabled":true},"in2DMode":false,"pivot":{"x":4.686731338500977,"y":3.5079662799835207,"z":-3.131181478500366},"rotation":{"x":-0.06645840406417847,"y":0.34212931990623476,"z":-0.024266468361020089,"w":-0.936985433101654},"size":1.6535542011260987,"orthographic":false}