{"cameraMode":{"drawMode":0,"name":"Shaded","section":"Shading Mode"},"sceneLighting":true,"audioPlay":false,"sceneViewState":{"m_AlwaysRefresh":false,"showFog":true,"showSkybox":true,"showFlares":true,"showImageEffects":true,"showParticleSystems":true,"showVisualEffectGraphs":true,"m_FxEnabled":true},"in2DMode":false,"pivot":{"x":0.0481640100479126,"y":1.9840738773345948,"z":-2.1658847332000734},"rotation":{"x":-0.1140337586402893,"y":0.02145414613187313,"z":-0.0024631244596093895,"w":-0.9932405948638916},"size":1.6535542011260987,"orthographic":false}