{"cameraMode":{"drawMode":0,"name":"Shaded","section":"Shading Mode"},"sceneLighting":true,"audioPlay":false,"sceneViewState":{"m_AlwaysRefresh":false,"showFog":true,"showSkybox":true,"showFlares":true,"showImageEffects":true,"showParticleSystems":true,"showVisualEffectGraphs":true,"m_FxEnabled":true},"in2DMode":false,"pivot":{"x":356.5079650878906,"y":248.94497680664063,"z":22.390106201171876},"rotation":{"x":0.09730680286884308,"y":-0.028360772877931596,"z":0.0027752129826694729,"w":0.9948539733886719},"size":207.80667114257813,"orthographic":false}